model_name,train_accuracy,test_accuracy,cv_mean,cv_std,precision,recall,f1_score
Diabetes_Old_LogisticRegression,0.7931596091205212,0.7142857142857143,0.7785419165667067,0.015241221672604778,0.6086956521739131,0.5185185185185185,0.56
Diabetes_New_NeuralNetwork,0.990228013029316,0.7012987012987013,0.718286018925763,0.031576160796717795,0.5625,0.6666666666666666,0.6101694915254238
Heart_Old_DecisionTree,0.9752066115702479,0.6885245901639344,0.7482993197278912,0.03745649365136969,0.7058823529411765,0.7272727272727273,0.7164179104477612
Heart_New_VotingClassifier,0.9917355371900827,0.7704918032786885,0.7935374149659864,0.033384488028257685,0.7714285714285715,0.8181818181818182,0.7941176470588235
Parkinsons_Old_SVM,0.8910256410256411,0.9230769230769231,0.8717741935483871,0.020465447645886304,0.90625,1.0,0.9508196721311475
Parkinsons_New_AdaBoost,1.0,0.8717948717948718,0.8784274193548388,0.03662258291825655,0.9,0.9310344827586207,0.9152542372881356
